1	 79130713H	 AGRASO SANCHEZ IÑAKI	 	Foto del alumno AGRASO SANCHEZ IÑAKI	 0	 iagraso001@ikasle.ehu.eus
 2	 72606823D	 ALTUNA SAN DAMIAN JOKIN	 	Foto del alumno ALTUNA SAN DAMIAN JOKIN	 0	 jaltuna015@ikasle.ehu.eus
 3	 72844293G	 ARAMBARRI HERAS, JOSEBA	 	Foto del alumno ARAMBARRI HERAS, JOSEBA	 0	 jarambarri008@ikasle.ehu.eus
 4	 73044817Z	 AZPEITIA BENITEZ AROA	 	Foto del alumno AZPEITIA BENITEZ AROA	 0	 aazpeitia013@ikasle.ehu.eus
 5	 72833366W	 BENGOETXEA SAEZ MIKEL	 	Foto del alumno BENGOETXEA SAEZ MIKEL	 0	 mbengoetxea007@ikasle.ehu.eus
 6	 72592471D	 BILBAO ORTIZ DE URBINA ELENE	 	Foto del alumno BILBAO ORTIZ DE URBINA ELENE	 0	 ebilbao054@ikasle.ehu.eus
 7	 16104737E	 CAMARA URIARTE ADOLFO	 	Foto del alumno CAMARA URIARTE ADOLFO	 0	 acamara014@ikasle.ehu.eus
 8	 79180598Q	 CEREZAL BILBAO OIER	 	Foto del alumno CEREZAL BILBAO OIER	 0	 ocerezal001@ikasle.ehu.eus
 9	 79299952T	 DIEZ ROBERTSON ALEXANDER	 	Foto del alumno DIEZ ROBERTSON ALEXANDER	 0	 adiez134@ikasle.ehu.eus
 10	 79115496G	 FERNANDEZ MEZO LUCAS	 	Foto del alumno FERNANDEZ MEZO LUCAS	 0	 lfernandez208@ikasle.ehu.eus
 11	 45167728Y	 GALARZA GARCIA, JON	 	Foto del alumno GALARZA GARCIA, JON	 0	 jgalarza005@ikasle.ehu.eus
 12	 79299792R	 GOMEZ ARTETA GONTZAL	 	Foto del alumno GOMEZ ARTETA GONTZAL	 0	 ggomez053@ikasle.ehu.eus
 13	 72604980Y	 GONZALO LUIS, IRUNE	 	Foto del alumno GONZALO LUIS, IRUNE	 0	 igonzalo006@ikasle.ehu.eus
 14	 72516345J	 HAYET OTERO MIREN	 	Foto del alumno HAYET OTERO MIREN	 0	 mhayet001@ikasle.ehu.eus
 15	 72592218D	 HERNANDEZ GARCIA IBAN	 	Foto del alumno HERNANDEZ GARCIA IBAN	 2	 ihernandez105@ikasle.ehu.eus
 16	 58007873X	 HIERRO PASTOR AZAITZ	 	Foto del alumno HIERRO PASTOR AZAITZ	 0	 ahierro017@ikasle.ehu.eus
 17	 79365948D	 IGLESIAS GARCIA MAIDER	 	Foto del alumno IGLESIAS GARCIA MAIDER	 0	 miglesias037@ikasle.ehu.eus
 18	 79242376Q	 IRIONDO ERQUIAGA ARITZ	 	Foto del alumno IRIONDO ERQUIAGA ARITZ	 0	 airiondo026@ikasle.ehu.eus
 19	 79137387E	 LARRAURI GONZALEZ GORKA	 	Foto del alumno LARRAURI GONZALEZ GORKA	 0	 glarrauri005@ikasle.ehu.eus
 20	 45893396R	 LARREA POZAS JOSU	 	Foto del alumno LARREA POZAS JOSU	 0	 jlarrea020@ikasle.ehu.eus
 21	 72843793X	 MARTINEZ FERNANDEZ DE BETOÑO AITZIBER	 	Foto del alumno MARTINEZ FERNANDEZ DE BETOÑO AITZIBER	 0	 amartinez465@ikasle.ehu.eus
 22	 72542283F	 MARTINEZ RUIBAL MIKEL	 	Foto del alumno MARTINEZ RUIBAL MIKEL	 0	 mmartinez137@ikasle.ehu.eus
 23	 73460955J	 MATEO GOÑI AIMAR	 	Foto del alumno MATEO GOÑI AIMAR	 0	 amateo022@ikasle.ehu.eus
 24	 79185954J	 PEREZ RODRIGUEZ KERMAN	 	Foto del alumno PEREZ RODRIGUEZ KERMAN	 1	 kperez016@ikasle.ehu.eus
 25	 72754867W	 PLAZAOLA ACOSTA JULEN	 	Foto del alumno PLAZAOLA ACOSTA JULEN	 0	 jplazaola004@ikasle.ehu.eus
 26	 58015721S	 RIO DURANA UXUE	 	Foto del alumno RIO DURANA UXUE	 0	 urio001@ikasle.ehu.eus
 27	 79000612M	 RODRIGUEZ IRIBARREN NAIA	 	Foto del alumno RODRIGUEZ IRIBARREN NAIA	 0	 nrodriguez101@ikasle.ehu.eus
 28	 79006535V	 RUIZ COLMENARES JON ANDER	 	Foto del alumno RUIZ COLMENARES JON ANDER	 0	 jruiz105@ikasle.ehu.eus
 29	 79130170G	 SOTO URRUELA ASIER	 	Foto del alumno SOTO URRUELA ASIER	 0	 asoto024@ikasle.ehu.eus
 30	 58044483G	 TREBIÑO ARTETXE TXOMIN	 	Foto del alumno TREBIÑO ARTETXE TXOMIN	 0	 ttrebino001@ikasle.ehu.eus
 31	 22764555Y	 ZORRIQUETA HERNANI JON	 	Foto del alumno ZORRIQUETA HERNANI JON	 1	 jzorriqueta002@ikasle.ehu.eus
